<?xml version="1.0" encoding="UTF-8"?>
<metadata xml:lang="fr"><Esri><CreaDate>20151207</CreaDate><CreaTime>11395700</CreaTime><ArcGISFormat>1.0</ArcGISFormat><SyncOnce>TRUE</SyncOnce><DataProperties><lineage><Process ToolSource="c:\program files (x86)\arcgis\desktop10.2\ArcToolbox\Toolboxes\Data Management Tools.tbx\CalculateField" Date="20150306" Time="100642">CalculateField scbel01012011_gen10 Gis_area_h [Area_ha] VB #</Process><Process ToolSource="c:\program files (x86)\arcgis\desktop10.2\ArcToolbox\Toolboxes\Data Management Tools.tbx\CalculateField" Date="20150306" Time="101024">CalculateField scbel01012011_gen10 Cad_area_h [Cad_area_a]/100 VB #</Process></lineage><itemProps><itemLocation><linkage Sync="TRUE">file://\\mineco2000\dfs-eco\E8\0536-849-GIS\GIS\BASE\diffusisec2011\diffusionsectgeneralise\scbel01012011_gen13</linkage><protocol Sync="TRUE">Local Area Network</protocol></itemLocation></itemProps><copyHistory><copy source="Z:\E8\0536-849-GIS\GIS\BASE\e4.sec2011\scbel01012011_gen13" dest="\\mineco2000\dfs-eco\E8\0536-849-GIS\GIS\BASE\diffusisec2011\diffusionsectgeneralise\scbel01012011_gen13" date="20151207" time="11395700"></copy></copyHistory></DataProperties></Esri></metadata>
